,Metric,Avg score
0,F1,0.6950859837913805
1,EM,0.4551833159299223
2,CHRF,75.5695619162529
3,BLEU,60.380751268467556
4,SBERT,0.848671128510634
5,NLI,0.8925823627580391
