,Metric,Avg score
0,F1,0.6771066810327261
1,EM,0.42919462417125964
2,CHRF,73.50519278024896
3,BLEU,58.21879015685078
4,SBERT,0.8304290071655974
5,NLI,0.8706709844460546
